<?xml version="1.0" encoding="UTF-8"?>
<metadata xml:lang="en"><Esri><CreaDate>20210926</CreaDate><CreaTime>22042700</CreaTime><ArcGISFormat>1.0</ArcGISFormat><SyncOnce>FALSE</SyncOnce><DataProperties><lineage><Process ToolSource="c:\program files (x86)\arcgis\desktop10.5\ArcToolbox\Toolboxes\Data Management Tools.tbx\CalculateField" Date="20180814" Time="133031">CalculateField RFPPF_4b Index "4B" VB #</Process><Process ToolSource="c:\program files (x86)\arcgis\desktop10.5\ArcToolbox\Toolboxes\Data Management Tools.tbx\Merge" Date="20180814" Time="133243">Merge RFPPF_4b;RFPPF_3b;RFPPF_2b_2 C:\Users\Acer\Desktop\LCCProjection\RFPPF\RFPPF_WGS84_2018.shp "LAYER "LAYER" true true false 17 Text 0 0 ,First,#,RFPPF_4b,LAYER,-1,-1,RFPPF_3b,LAYER,-1,-1,RFPPF_2b_2,LAYER,-1,-1;OBJECTID_1 "OBJECTID_1" true true false 10 Long 0 10 ,First,#,RFPPF_4b,OBJECTID_1,-1,-1,RFPPF_3b,OBJECTID_1,-1,-1,RFPPF_2b_2,OBJECTID_1,-1,-1;OBJECTID "OBJECTID" true true false 10 Long 0 10 ,First,#,RFPPF_4b,OBJECTID,-1,-1,RFPPF_3b,OBJECTID,-1,-1,RFPPF_2b_2,OBJECTID,-1,-1;Id "Id" true true false 10 Long 0 10 ,First,#,RFPPF_4b,Id,-1,-1,RFPPF_3b,Id,-1,-1,RFPPF_2b_2,Id,-1,-1;Name "Name" true true false 50 Text 0 0 ,First,#,RFPPF_4b,Name,-1,-1,RFPPF_3b,Name,-1,-1,RFPPF_2b_2,Name,-1,-1;CURRENT "CURRENT" true true false 10 Long 0 10 ,First,#,RFPPF_4b,CURRENT,-1,-1,RFPPF_3b,CURRENT,-1,-1,RFPPF_2b_2,CURRENT,-1,-1;ORIGINAL "ORIGINAL" true true false 10 Long 0 10 ,First,#,RFPPF_4b,ORIGINAL,-1,-1,RFPPF_3b,ORIGINAL,-1,-1,RFPPF_2b_2,ORIGINAL,-1,-1;RF_NAME "RF_NAME" true true false 50 Text 0 0 ,First,#,RFPPF_4b,RF_NAME,-1,-1,RFPPF_3b,RF_NAME,-1,-1,RFPPF_2b_2,RF_NAME,-1,-1;B_NAME "B_NAME" true true false 50 Text 0 0 ,First,#,RFPPF_4b,B_NAME,-1,-1,RFPPF_3b,B_NAME,-1,-1,RFPPF_2b_2,B_NAME,-1,-1;RF_CODE "RF_CODE" true true false 19 Double 0 0 ,First,#,RFPPF_4b,RF_CODE,-1,-1,RFPPF_3b,RF_CODE,-1,-1,RFPPF_2b_2,RF_CODE,-1,-1;RF_ID "RF_ID" true true false 10 Long 0 10 ,First,#,RFPPF_4b,RF_ID,-1,-1,RFPPF_3b,RF_ID,-1,-1,RFPPF_2b_2,RF_ID,-1,-1;BUR_NAME "BUR_NAME" true true false 70 Text 0 0 ,First,#,RFPPF_4b,BUR_NAME,-1,-1,RFPPF_3b,BUR_NAME,-1,-1,RFPPF_2b_2,BUR_NAME,-1,-1;FID_Shan_E "FID_Shan_E" true true false 10 Long 0 10 ,First,#,RFPPF_4b,FID_Shan_E,-1,-1,RFPPF_3b,FID_Shan_E,-1,-1,RFPPF_2b_2,FID_Shan_E,-1,-1;MYA_NAME "MYA_NAME" true true false 80 Text 0 0 ,First,#,RFPPF_4b,MYA_NAME,-1,-1,RFPPF_3b,MYA_NAME,-1,-1,RFPPF_2b_2,MYA_NAME,-1,-1;MY_NAME "MY_NAME" true true false 45 Text 0 0 ,First,#,RFPPF_4b,MY_NAME,-1,-1,RFPPF_3b,MY_NAME,-1,-1,RFPPF_2b_2,MY_NAME,-1,-1;CODE "CODE" true true false 10 Long 0 10 ,First,#,RFPPF_4b,CODE,-1,-1,RFPPF_3b,CODE,-1,-1,RFPPF_2b_2,CODE,-1,-1;RFNAME "RFNAME" true true false 50 Text 0 0 ,First,#,RFPPF_4b,RFNAME,-1,-1,RFPPF_3b,RFNAME,-1,-1,RFPPF_2b_2,RFNAME,-1,-1;M_NAME "M_NAME" true true false 50 Text 0 0 ,First,#,RFPPF_4b,M_NAME,-1,-1,RFPPF_3b,M_NAME,-1,-1,RFPPF_2b_2,M_NAME,-1,-1;Shape_Leng "Shape_Leng" true true false 19 Double 0 0 ,First,#,RFPPF_4b,Shape_Leng,-1,-1,RFPPF_3b,Shape_Leng,-1,-1,RFPPF_2b_2,Shape_Leng,-1,-1;FID_1 "FID_1" true true false 10 Long 0 10 ,First,#,RFPPF_4b,FID_1,-1,-1,RFPPF_3b,FID_1,-1,-1,RFPPF_2b_2,FID_1,-1,-1;OBJECTID_2 "OBJECTID_2" true true false 19 Double 0 0 ,First,#,RFPPF_4b,OBJECTID_2,-1,-1,RFPPF_3b,OBJECTID_2,-1,-1,RFPPF_2b_2,OBJECTID_2,-1,-1;ST_Div "ST_Div" true true false 50 Text 0 0 ,First,#,RFPPF_4b,ST_Div,-1,-1,RFPPF_3b,ST_Div,-1,-1,RFPPF_2b_2,ST_Div,-1,-1;E_ST_Div "E_ST_Div" true true false 50 Text 0 0 ,First,#,RFPPF_4b,E_ST_Div,-1,-1,RFPPF_3b,E_ST_Div,-1,-1,RFPPF_2b_2,E_ST_Div,-1,-1;OID_ "OID_" true true false 10 Long 0 10 ,First,#,RFPPF_4b,OID_,-1,-1,RFPPF_3b,OID_,-1,-1,RFPPF_2b_2,OID_,-1,-1;Official "Official" true true false 19 Double 0 0 ,First,#,RFPPF_4b,Official,-1,-1,RFPPF_3b,Official,-1,-1,RFPPF_2b_2,Official,-1,-1;GIS_tot "GIS_tot" true true false 19 Double 0 0 ,First,#,RFPPF_4b,GIS_tot,-1,-1,RFPPF_3b,GIS_tot,-1,-1,RFPPF_2b_2,GIS_tot,-1,-1;Adjusted "Adjusted" true true false 19 Double 0 0 ,First,#,RFPPF_4b,Adjusted,-1,-1,RFPPF_3b,Adjusted,-1,-1,RFPPF_2b_2,Adjusted,-1,-1;Closed "Closed" true true false 19 Double 0 0 ,First,#,RFPPF_4b,Closed,-1,-1,RFPPF_3b,Closed,-1,-1,RFPPF_2b_2,Closed,-1,-1;Open "Open" true true false 19 Double 0 0 ,First,#,RFPPF_4b,Open,-1,-1,RFPPF_3b,Open,-1,-1,RFPPF_2b_2,Open,-1,-1;OWL "OWL" true true false 19 Double 0 0 ,First,#,RFPPF_4b,OWL,-1,-1,RFPPF_3b,OWL,-1,-1,RFPPF_2b_2,OWL,-1,-1;Cropland "Cropland" true true false 19 Double 0 0 ,First,#,RFPPF_4b,Cropland,-1,-1,RFPPF_3b,Cropland,-1,-1,RFPPF_2b_2,Cropland,-1,-1;Otherland "Otherland" true true false 19 Double 0 0 ,First,#,RFPPF_4b,Otherland,-1,-1,RFPPF_3b,Otherland,-1,-1,RFPPF_2b_2,Otherland,-1,-1;Settlement "Settlement" true true false 19 Double 0 0 ,First,#,RFPPF_4b,Settlement,-1,-1,RFPPF_3b,Settlement,-1,-1,RFPPF_2b_2,Settlement,-1,-1;Wetland "Wetland" true true false 19 Double 0 0 ,First,#,RFPPF_4b,Wetland,-1,-1,RFPPF_3b,Wetland,-1,-1,RFPPF_2b_2,Wetland,-1,-1;Mangrove "Mangrove" true true false 19 Double 0 0 ,First,#,RFPPF_4b,Mangrove,-1,-1,RFPPF_3b,Mangrove,-1,-1,RFPPF_2b_2,Mangrove,-1,-1;Snow "Snow" true true false 19 Double 0 0 ,First,#,RFPPF_4b,Snow,-1,-1,RFPPF_3b,Snow,-1,-1,RFPPF_2b_2,Snow,-1,-1;Water "Water" true true false 19 Double 0 0 ,First,#,RFPPF_4b,Water,-1,-1,RFPPF_3b,Water,-1,-1,RFPPF_2b_2,Water,-1,-1;Grassland "Grassland" true true false 19 Double 0 0 ,First,#,RFPPF_4b,Grassland,-1,-1,RFPPF_3b,Grassland,-1,-1,RFPPF_2b_2,Grassland,-1,-1;Latitude "Latitude" true true false 19 Double 0 0 ,First,#,RFPPF_4b,Latitude,-1,-1,RFPPF_3b,Latitude,-1,-1,RFPPF_2b_2,Latitude,-1,-1;Longitude "Longitude" true true false 19 Double 0 0 ,First,#,RFPPF_4b,Longitude,-1,-1,RFPPF_3b,Longitude,-1,-1,RFPPF_2b_2,Longitude,-1,-1;Shape_Le_1 "Shape_Le_1" true true false 19 Double 0 0 ,First,#,RFPPF_4b,Shape_Le_1,-1,-1,RFPPF_3b,Shape_Le_1,-1,-1,RFPPF_2b_2,Shape_Le_1,-1,-1;Shape_Area "Shape_Area" true true false 19 Double 0 0 ,First,#,RFPPF_4b,Shape_Area,-1,-1,RFPPF_3b,Shape_Area,-1,-1,RFPPF_2b_2,Shape_Area,-1,-1;Index "Index" true true false 50 Text 0 0 ,First,#,RFPPF_4b,Index,-1,-1,RFPPF_3b,Index,-1,-1,RFPPF_2b_2,Index,-1,-1;OBJECTID_3 "OBJECTID_3" true true false 19 Double 0 0 ,First,#,RFPPF_2b_2,OBJECTID_3,-1,-1;Shape_Le_2 "Shape_Le_2" true true false 19 Double 0 0 ,First,#,RFPPF_2b_2,Shape_Le_2,-1,-1"</Process><Process ToolSource="c:\program files (x86)\arcgis\desktop10.8\ArcToolbox\Toolboxes\Data Management Tools.tbx\DeleteField" Date="20210722" Time="190025">DeleteField Katha_RFPPF Shape_Leng;FID_1;OBJECTID_2;GIS_tot;Adjusted;Closed;Open;OWL;Cropland;Settlement;Wetland;Mangrove;Snow;Water;Grassland;Latitude;Longitude;Shape_Le_1;Shape_Area;Index;OBJECTID_3;Shape_Le_2;Tsp_Name</Process><Process ToolSource="c:\program files (x86)\arcgis\desktop10.7\ArcToolbox\Toolboxes\Data Management Tools.tbx\CalculateField" Date="20210926" Time="103451">CalculateField Katha_RFPPF_Update Id "[FID] +1" VB #</Process><Process ToolSource="c:\program files (x86)\arcgis\desktop10.7\ArcToolbox\Toolboxes\Analysis Tools.tbx\Clip" Date="20211016" Time="193749">Clip rfppf poly C:\Users\Dell\Desktop\sample_data\rfppf.shp #</Process></lineage><itemProps><itemName Sync="TRUE">rfppf</itemName><imsContentType Sync="TRUE">002</imsContentType><itemSize Sync="TRUE">0.000</itemSize><itemLocation><linkage Sync="TRUE">file://\\DESKTOP-NF2C94P\C$\Users\Dell\Desktop\sample_data\rfppf.shp</linkage><protocol Sync="TRUE">Local Area Network</protocol></itemLocation></itemProps><coordRef><type Sync="TRUE">Geographic</type><geogcsn Sync="TRUE">GCS_WGS_1984</geogcsn><csUnits Sync="TRUE">Angular Unit: Degree (0.017453)</csUnits><peXml Sync="TRUE">&lt;GeographicCoordinateSystem xsi:type='typens:GeographicCoordinateSystem' xmlns:xsi='http://www.w3.org/2001/XMLSchema-instance' xmlns:xs='http://www.w3.org/2001/XMLSchema' xmlns:typens='http://www.esri.com/schemas/ArcGIS/10.7'&gt;&lt;WKT&gt;GEOGCS[&amp;quot;GCS_WGS_1984&amp;quot;,DATUM[&amp;quot;D_WGS84&amp;quot;,SPHEROID[&amp;quot;WGS84&amp;quot;,6378137.0,298.257223563]],PRIMEM[&amp;quot;Greenwich&amp;quot;,0.0],UNIT[&amp;quot;Degree&amp;quot;,0.0174532925199433]]&lt;/WKT&gt;&lt;XOrigin&gt;-400&lt;/XOrigin&gt;&lt;YOrigin&gt;-400&lt;/YOrigin&gt;&lt;XYScale&gt;11258999068426.238&lt;/XYScale&gt;&lt;ZOrigin&gt;-100000&lt;/ZOrigin&gt;&lt;ZScale&gt;10000&lt;/ZScale&gt;&lt;MOrigin&gt;-100000&lt;/MOrigin&gt;&lt;MScale&gt;10000&lt;/MScale&gt;&lt;XYTolerance&gt;8.983152841195215e-09&lt;/XYTolerance&gt;&lt;ZTolerance&gt;0.001&lt;/ZTolerance&gt;&lt;MTolerance&gt;0.001&lt;/MTolerance&gt;&lt;HighPrecision&gt;true&lt;/HighPrecision&gt;&lt;LeftLongitude&gt;-180&lt;/LeftLongitude&gt;&lt;/GeographicCoordinateSystem&gt;</peXml></coordRef></DataProperties><SyncDate>20211016</SyncDate><SyncTime>19374700</SyncTime><ModDate>20211016</ModDate><ModTime>19374700</ModTime></Esri><dataIdInfo><envirDesc Sync="TRUE"> Version 6.2 (Build 9200) ; Esri ArcGIS 10.7.1.11595</envirDesc><dataLang><languageCode value="eng" Sync="TRUE"></languageCode><countryCode value="GBR" Sync="TRUE"></countryCode></dataLang><idCitation><resTitle Sync="TRUE">rfppf</resTitle><presForm><PresFormCd value="005" Sync="TRUE"></PresFormCd></presForm></idCitation><spatRpType><SpatRepTypCd value="001" Sync="TRUE"></SpatRepTypCd></spatRpType></dataIdInfo><mdLang><languageCode value="eng" Sync="TRUE"></languageCode><countryCode value="GBR" Sync="TRUE"></countryCode></mdLang><mdChar><CharSetCd value="004" Sync="TRUE"></CharSetCd></mdChar><distInfo><distFormat><formatName Sync="TRUE">Shapefile</formatName></distFormat><distTranOps><transSize Sync="TRUE">0.000</transSize></distTranOps></distInfo><mdHrLv><ScopeCd value="005" Sync="TRUE"></ScopeCd></mdHrLv><mdHrLvName Sync="TRUE">dataset</mdHrLvName><refSysInfo><RefSystem><refSysID><identCode code="0" Sync="TRUE"></identCode></refSysID></RefSystem></refSysInfo><spatRepInfo><VectSpatRep><geometObjs Name="rfppf"><geoObjTyp><GeoObjTypCd value="002" Sync="TRUE"></GeoObjTypCd></geoObjTyp><geoObjCnt Sync="TRUE">0</geoObjCnt></geometObjs><topLvl><TopoLevCd value="001" Sync="TRUE"></TopoLevCd></topLvl></VectSpatRep></spatRepInfo><spdoinfo><ptvctinf><esriterm Name="rfppf"><efeatyp Sync="TRUE">Simple</efeatyp><efeageom code="4" Sync="TRUE"></efeageom><esritopo Sync="TRUE">FALSE</esritopo><efeacnt Sync="TRUE">0</efeacnt><spindex Sync="TRUE">FALSE</spindex><linrefer Sync="TRUE">FALSE</linrefer></esriterm></ptvctinf></spdoinfo><eainfo><detailed Name="rfppf"><enttyp><enttypl Sync="TRUE">rfppf</enttypl><enttypt Sync="TRUE">Feature Class</enttypt><enttypc Sync="TRUE">0</enttypc></enttyp><attr><attrlabl Sync="TRUE">FID</attrlabl><attalias Sync="TRUE">FID</attalias><attrtype Sync="TRUE">OID</attrtype><attwidth Sync="TRUE">4</attwidth><atprecis Sync="TRUE">0</atprecis><attscale Sync="TRUE">0</attscale><attrdef Sync="TRUE">Internal feature number.</attrdef><attrdefs Sync="TRUE">Esri</attrdefs><attrdomv><udom Sync="TRUE">Sequential unique whole numbers that are automatically generated.</udom></attrdomv></attr><attr><attrlabl Sync="TRUE">Shape</attrlabl><attalias Sync="TRUE">Shape</attalias><attrtype Sync="TRUE">Geometry</attrtype><attwidth Sync="TRUE">0</attwidth><atprecis Sync="TRUE">0</atprecis><attscale Sync="TRUE">0</attscale><attrdef Sync="TRUE">Feature geometry.</attrdef><attrdefs Sync="TRUE">Esri</attrdefs><attrdomv><udom Sync="TRUE">Coordinates defining the features.</udom></attrdomv></attr><attr><attrlabl Sync="TRUE">Id</attrlabl><attalias Sync="TRUE">Id</attalias><attrtype Sync="TRUE">Integer</attrtype><attwidth Sync="TRUE">10</attwidth><atprecis Sync="TRUE">10</atprecis><attscale Sync="TRUE">0</attscale></attr><attr><attrlabl Sync="TRUE">RF_NAME</attrlabl><attalias Sync="TRUE">RF_NAME</attalias><attrtype Sync="TRUE">String</attrtype><attwidth Sync="TRUE">50</attwidth><atprecis Sync="TRUE">0</atprecis><attscale Sync="TRUE">0</attscale></attr></detailed></eainfo><mdDateSt Sync="TRUE">20211016</mdDateSt></metadata>
