<?xml version="1.0" encoding="UTF-8"?>
<metadata xml:lang="en"><Esri><CreaDate>20210417</CreaDate><CreaTime>13450900</CreaTime><ArcGISFormat>1.0</ArcGISFormat><SyncOnce>FALSE</SyncOnce><DataProperties><itemProps><itemName Sync="TRUE">road</itemName><imsContentType Sync="TRUE">002</imsContentType><itemSize Sync="TRUE">0.000</itemSize><itemLocation><linkage Sync="TRUE">file://\\DESKTOP-NF2C94P\C$\Users\Dell\Desktop\sample_data\road.shp</linkage><protocol Sync="TRUE">Local Area Network</protocol></itemLocation></itemProps><coordRef><type Sync="TRUE">Projected</type><geogcsn Sync="TRUE">GCS_WGS_1984</geogcsn><csUnits Sync="TRUE">Linear Unit: Meter (1.000000)</csUnits><peXml Sync="TRUE">&lt;ProjectedCoordinateSystem xsi:type='typens:ProjectedCoordinateSystem' xmlns:xsi='http://www.w3.org/2001/XMLSchema-instance' xmlns:xs='http://www.w3.org/2001/XMLSchema' xmlns:typens='http://www.esri.com/schemas/ArcGIS/10.7'&gt;&lt;WKT&gt;PROJCS[&amp;quot;WGS_1984_UTM_Zone_47N&amp;quot;,GEOGCS[&amp;quot;GCS_WGS_1984&amp;quot;,DATUM[&amp;quot;D_WGS_1984&amp;quot;,SPHEROID[&amp;quot;WGS_1984&amp;quot;,6378137.0,298.257223563]],PRIMEM[&amp;quot;Greenwich&amp;quot;,0.0],UNIT[&amp;quot;Degree&amp;quot;,0.0174532925199433]],PROJECTION[&amp;quot;Transverse_Mercator&amp;quot;],PARAMETER[&amp;quot;False_Easting&amp;quot;,500000.0],PARAMETER[&amp;quot;False_Northing&amp;quot;,0.0],PARAMETER[&amp;quot;Central_Meridian&amp;quot;,99.0],PARAMETER[&amp;quot;Scale_Factor&amp;quot;,0.9996],PARAMETER[&amp;quot;Latitude_Of_Origin&amp;quot;,0.0],UNIT[&amp;quot;Meter&amp;quot;,1.0],AUTHORITY[&amp;quot;EPSG&amp;quot;,32647]]&lt;/WKT&gt;&lt;XOrigin&gt;-5120900&lt;/XOrigin&gt;&lt;YOrigin&gt;-9998100&lt;/YOrigin&gt;&lt;XYScale&gt;450445547.3910538&lt;/XYScale&gt;&lt;ZOrigin&gt;-100000&lt;/ZOrigin&gt;&lt;ZScale&gt;10000&lt;/ZScale&gt;&lt;MOrigin&gt;-100000&lt;/MOrigin&gt;&lt;MScale&gt;10000&lt;/MScale&gt;&lt;XYTolerance&gt;0.001&lt;/XYTolerance&gt;&lt;ZTolerance&gt;0.001&lt;/ZTolerance&gt;&lt;MTolerance&gt;0.001&lt;/MTolerance&gt;&lt;HighPrecision&gt;true&lt;/HighPrecision&gt;&lt;WKID&gt;32647&lt;/WKID&gt;&lt;LatestWKID&gt;32647&lt;/LatestWKID&gt;&lt;/ProjectedCoordinateSystem&gt;</peXml><projcsn Sync="TRUE">WGS_1984_UTM_Zone_47N</projcsn></coordRef><lineage><Process ToolSource="c:\program files (x86)\arcgis\desktop10.7\ArcToolbox\Toolboxes\Data Management Tools.tbx\Merge" Date="20210417" Time="134134">Merge 'E:\Master Course\Third_Semester_2021\Advanced GIS\Project\Data\UTM\road\waterway.shp';'E:\Master Course\Third_Semester_2021\Advanced GIS\Project\Data\UTM\road\road_lines.shp';'E:\Master Course\Third_Semester_2021\Advanced GIS\Project\Data\UTM\road\road_free_1.shp';'E:\Master Course\Third_Semester_2021\Advanced GIS\Project\Data\UTM\road\rail_way.shp' "E:\Master Course\Third_Semester_2021\Advanced GIS\Project\Data\UTM\road\road.shp" "osm_id "osm_id" true true false 10 Text 0 0 ,First,#,E:\Master Course\Third_Semester_2021\Advanced GIS\Project\Data\UTM\road\waterway.shp,osm_id,-1,-1,E:\Master Course\Third_Semester_2021\Advanced GIS\Project\Data\UTM\road\road_lines.shp,osm_id,-1,-1,E:\Master Course\Third_Semester_2021\Advanced GIS\Project\Data\UTM\road\road_free_1.shp,osm_id,-1,-1,E:\Master Course\Third_Semester_2021\Advanced GIS\Project\Data\UTM\road\rail_way.shp,osm_id,-1,-1;code "code" true true false 4 Short 0 4 ,First,#,E:\Master Course\Third_Semester_2021\Advanced GIS\Project\Data\UTM\road\waterway.shp,code,-1,-1,E:\Master Course\Third_Semester_2021\Advanced GIS\Project\Data\UTM\road\road_free_1.shp,code,-1,-1,E:\Master Course\Third_Semester_2021\Advanced GIS\Project\Data\UTM\road\rail_way.shp,code,-1,-1;fclass "fclass" true true false 28 Text 0 0 ,First,#,E:\Master Course\Third_Semester_2021\Advanced GIS\Project\Data\UTM\road\waterway.shp,fclass,-1,-1,E:\Master Course\Third_Semester_2021\Advanced GIS\Project\Data\UTM\road\road_free_1.shp,fclass,-1,-1,E:\Master Course\Third_Semester_2021\Advanced GIS\Project\Data\UTM\road\rail_way.shp,fclass,-1,-1;width "width" true true false 5 Long 0 5 ,First,#,E:\Master Course\Third_Semester_2021\Advanced GIS\Project\Data\UTM\road\waterway.shp,width,-1,-1;name "name" true true false 100 Text 0 0 ,First,#,E:\Master Course\Third_Semester_2021\Advanced GIS\Project\Data\UTM\road\waterway.shp,name,-1,-1,E:\Master Course\Third_Semester_2021\Advanced GIS\Project\Data\UTM\road\road_lines.shp,name,-1,-1,E:\Master Course\Third_Semester_2021\Advanced GIS\Project\Data\UTM\road\road_free_1.shp,name,-1,-1,E:\Master Course\Third_Semester_2021\Advanced GIS\Project\Data\UTM\road\rail_way.shp,name,-1,-1;highway "highway" true true false 254 Text 0 0 ,First,#,E:\Master Course\Third_Semester_2021\Advanced GIS\Project\Data\UTM\road\road_lines.shp,highway,-1,-1;waterway "waterway" true true false 254 Text 0 0 ,First,#,E:\Master Course\Third_Semester_2021\Advanced GIS\Project\Data\UTM\road\road_lines.shp,waterway,-1,-1;aerialway "aerialway" true true false 254 Text 0 0 ,First,#,E:\Master Course\Third_Semester_2021\Advanced GIS\Project\Data\UTM\road\road_lines.shp,aerialway,-1,-1;barrier "barrier" true true false 254 Text 0 0 ,First,#,E:\Master Course\Third_Semester_2021\Advanced GIS\Project\Data\UTM\road\road_lines.shp,barrier,-1,-1;man_made "man_made" true true false 254 Text 0 0 ,First,#,E:\Master Course\Third_Semester_2021\Advanced GIS\Project\Data\UTM\road\road_lines.shp,man_made,-1,-1;z_order "z_order" true true false 10 Long 0 10 ,First,#,E:\Master Course\Third_Semester_2021\Advanced GIS\Project\Data\UTM\road\road_lines.shp,z_order,-1,-1;other_tags "other_tags" true true false 254 Text 0 0 ,First,#,E:\Master Course\Third_Semester_2021\Advanced GIS\Project\Data\UTM\road\road_lines.shp,other_tags,-1,-1;ref "ref" true true false 20 Text 0 0 ,First,#,E:\Master Course\Third_Semester_2021\Advanced GIS\Project\Data\UTM\road\road_free_1.shp,ref,-1,-1;oneway "oneway" true true false 1 Text 0 0 ,First,#,E:\Master Course\Third_Semester_2021\Advanced GIS\Project\Data\UTM\road\road_free_1.shp,oneway,-1,-1;maxspeed "maxspeed" true true false 3 Short 0 3 ,First,#,E:\Master Course\Third_Semester_2021\Advanced GIS\Project\Data\UTM\road\road_free_1.shp,maxspeed,-1,-1;layer "layer" true true false 12 Double 0 12 ,First,#,E:\Master Course\Third_Semester_2021\Advanced GIS\Project\Data\UTM\road\road_free_1.shp,layer,-1,-1;bridge "bridge" true true false 1 Text 0 0 ,First,#,E:\Master Course\Third_Semester_2021\Advanced GIS\Project\Data\UTM\road\road_free_1.shp,bridge,-1,-1;tunnel "tunnel" true true false 1 Text 0 0 ,First,#,E:\Master Course\Third_Semester_2021\Advanced GIS\Project\Data\UTM\road\road_free_1.shp,tunnel,-1,-1"</Process><Process ToolSource="c:\program files (x86)\arcgis\desktop10.7\ArcToolbox\Toolboxes\Analysis Tools.tbx\Clip" Date="20211016" Time="193723">Clip road poly C:\Users\Dell\Desktop\sample_data\road.shp #</Process></lineage></DataProperties><SyncDate>20211016</SyncDate><SyncTime>19372100</SyncTime><ModDate>20211016</ModDate><ModTime>19372100</ModTime></Esri><dataIdInfo><envirDesc Sync="TRUE"> Version 6.2 (Build 9200) ; Esri ArcGIS 10.7.1.11595</envirDesc><dataLang><languageCode value="eng" Sync="TRUE"></languageCode><countryCode value="GBR" Sync="TRUE"></countryCode></dataLang><idCitation><resTitle Sync="TRUE">road</resTitle><presForm><PresFormCd value="005" Sync="TRUE"></PresFormCd></presForm></idCitation><spatRpType><SpatRepTypCd value="001" Sync="TRUE"></SpatRepTypCd></spatRpType></dataIdInfo><mdLang><languageCode value="eng" Sync="TRUE"></languageCode><countryCode value="GBR" Sync="TRUE"></countryCode></mdLang><mdChar><CharSetCd value="004" Sync="TRUE"></CharSetCd></mdChar><distInfo><distFormat><formatName Sync="TRUE">Shapefile</formatName></distFormat><distTranOps><transSize Sync="TRUE">0.000</transSize></distTranOps></distInfo><mdHrLv><ScopeCd value="005" Sync="TRUE"></ScopeCd></mdHrLv><mdHrLvName Sync="TRUE">dataset</mdHrLvName><refSysInfo><RefSystem><refSysID><identCode code="32647" Sync="TRUE"></identCode><idCodeSpace Sync="TRUE">EPSG</idCodeSpace><idVersion Sync="TRUE">6.11.1(3.0.1)</idVersion></refSysID></RefSystem></refSysInfo><spatRepInfo><VectSpatRep><geometObjs Name="road"><geoObjTyp><GeoObjTypCd value="002" Sync="TRUE"></GeoObjTypCd></geoObjTyp><geoObjCnt Sync="TRUE">0</geoObjCnt></geometObjs><topLvl><TopoLevCd value="001" Sync="TRUE"></TopoLevCd></topLvl></VectSpatRep></spatRepInfo><spdoinfo><ptvctinf><esriterm Name="road"><efeatyp Sync="TRUE">Simple</efeatyp><efeageom code="3" Sync="TRUE"></efeageom><esritopo Sync="TRUE">FALSE</esritopo><efeacnt Sync="TRUE">0</efeacnt><spindex Sync="TRUE">FALSE</spindex><linrefer Sync="TRUE">FALSE</linrefer></esriterm></ptvctinf></spdoinfo><eainfo><detailed Name="road"><enttyp><enttypl Sync="TRUE">road</enttypl><enttypt Sync="TRUE">Feature Class</enttypt><enttypc Sync="TRUE">0</enttypc></enttyp><attr><attrlabl Sync="TRUE">FID</attrlabl><attalias Sync="TRUE">FID</attalias><attrtype Sync="TRUE">OID</attrtype><attwidth Sync="TRUE">4</attwidth><atprecis Sync="TRUE">0</atprecis><attscale Sync="TRUE">0</attscale><attrdef Sync="TRUE">Internal feature number.</attrdef><attrdefs Sync="TRUE">Esri</attrdefs><attrdomv><udom Sync="TRUE">Sequential unique whole numbers that are automatically generated.</udom></attrdomv></attr><attr><attrlabl Sync="TRUE">Shape</attrlabl><attalias Sync="TRUE">Shape</attalias><attrtype Sync="TRUE">Geometry</attrtype><attwidth Sync="TRUE">0</attwidth><atprecis Sync="TRUE">0</atprecis><attscale Sync="TRUE">0</attscale><attrdef Sync="TRUE">Feature geometry.</attrdef><attrdefs Sync="TRUE">Esri</attrdefs><attrdomv><udom Sync="TRUE">Coordinates defining the features.</udom></attrdomv></attr><attr><attrlabl Sync="TRUE">osm_id</attrlabl><attalias Sync="TRUE">osm_id</attalias><attrtype Sync="TRUE">String</attrtype><attwidth Sync="TRUE">10</attwidth><atprecis Sync="TRUE">0</atprecis><attscale Sync="TRUE">0</attscale></attr><attr><attrlabl Sync="TRUE">code</attrlabl><attalias Sync="TRUE">code</attalias><attrtype Sync="TRUE">SmallInteger</attrtype><attwidth Sync="TRUE">4</attwidth><atprecis Sync="TRUE">4</atprecis><attscale Sync="TRUE">0</attscale></attr><attr><attrlabl Sync="TRUE">fclass</attrlabl><attalias Sync="TRUE">fclass</attalias><attrtype Sync="TRUE">String</attrtype><attwidth Sync="TRUE">28</attwidth><atprecis Sync="TRUE">0</atprecis><attscale Sync="TRUE">0</attscale></attr><attr><attrlabl Sync="TRUE">width</attrlabl><attalias Sync="TRUE">width</attalias><attrtype Sync="TRUE">Integer</attrtype><attwidth Sync="TRUE">5</attwidth><atprecis Sync="TRUE">5</atprecis><attscale Sync="TRUE">0</attscale></attr><attr><attrlabl Sync="TRUE">name</attrlabl><attalias Sync="TRUE">name</attalias><attrtype Sync="TRUE">String</attrtype><attwidth Sync="TRUE">100</attwidth><atprecis Sync="TRUE">0</atprecis><attscale Sync="TRUE">0</attscale></attr><attr><attrlabl Sync="TRUE">highway</attrlabl><attalias Sync="TRUE">highway</attalias><attrtype Sync="TRUE">String</attrtype><attwidth Sync="TRUE">254</attwidth><atprecis Sync="TRUE">0</atprecis><attscale Sync="TRUE">0</attscale></attr><attr><attrlabl Sync="TRUE">waterway</attrlabl><attalias Sync="TRUE">waterway</attalias><attrtype Sync="TRUE">String</attrtype><attwidth Sync="TRUE">254</attwidth><atprecis Sync="TRUE">0</atprecis><attscale Sync="TRUE">0</attscale></attr><attr><attrlabl Sync="TRUE">aerialway</attrlabl><attalias Sync="TRUE">aerialway</attalias><attrtype Sync="TRUE">String</attrtype><attwidth Sync="TRUE">254</attwidth><atprecis Sync="TRUE">0</atprecis><attscale Sync="TRUE">0</attscale></attr><attr><attrlabl Sync="TRUE">barrier</attrlabl><attalias Sync="TRUE">barrier</attalias><attrtype Sync="TRUE">String</attrtype><attwidth Sync="TRUE">254</attwidth><atprecis Sync="TRUE">0</atprecis><attscale Sync="TRUE">0</attscale></attr><attr><attrlabl Sync="TRUE">man_made</attrlabl><attalias Sync="TRUE">man_made</attalias><attrtype Sync="TRUE">String</attrtype><attwidth Sync="TRUE">254</attwidth><atprecis Sync="TRUE">0</atprecis><attscale Sync="TRUE">0</attscale></attr><attr><attrlabl Sync="TRUE">z_order</attrlabl><attalias Sync="TRUE">z_order</attalias><attrtype Sync="TRUE">Integer</attrtype><attwidth Sync="TRUE">10</attwidth><atprecis Sync="TRUE">10</atprecis><attscale Sync="TRUE">0</attscale></attr><attr><attrlabl Sync="TRUE">other_tags</attrlabl><attalias Sync="TRUE">other_tags</attalias><attrtype Sync="TRUE">String</attrtype><attwidth Sync="TRUE">254</attwidth><atprecis Sync="TRUE">0</atprecis><attscale Sync="TRUE">0</attscale></attr><attr><attrlabl Sync="TRUE">ref</attrlabl><attalias Sync="TRUE">ref</attalias><attrtype Sync="TRUE">String</attrtype><attwidth Sync="TRUE">20</attwidth><atprecis Sync="TRUE">0</atprecis><attscale Sync="TRUE">0</attscale></attr><attr><attrlabl Sync="TRUE">oneway</attrlabl><attalias Sync="TRUE">oneway</attalias><attrtype Sync="TRUE">String</attrtype><attwidth Sync="TRUE">1</attwidth><atprecis Sync="TRUE">0</atprecis><attscale Sync="TRUE">0</attscale></attr><attr><attrlabl Sync="TRUE">maxspeed</attrlabl><attalias Sync="TRUE">maxspeed</attalias><attrtype Sync="TRUE">SmallInteger</attrtype><attwidth Sync="TRUE">3</attwidth><atprecis Sync="TRUE">3</atprecis><attscale Sync="TRUE">0</attscale></attr><attr><attrlabl Sync="TRUE">layer</attrlabl><attalias Sync="TRUE">layer</attalias><attrtype Sync="TRUE">Double</attrtype><attwidth Sync="TRUE">12</attwidth><atprecis Sync="TRUE">12</atprecis><attscale Sync="TRUE">0</attscale></attr><attr><attrlabl Sync="TRUE">bridge</attrlabl><attalias Sync="TRUE">bridge</attalias><attrtype Sync="TRUE">String</attrtype><attwidth Sync="TRUE">1</attwidth><atprecis Sync="TRUE">0</atprecis><attscale Sync="TRUE">0</attscale></attr><attr><attrlabl Sync="TRUE">tunnel</attrlabl><attalias Sync="TRUE">tunnel</attalias><attrtype Sync="TRUE">String</attrtype><attwidth Sync="TRUE">1</attwidth><atprecis Sync="TRUE">0</atprecis><attscale Sync="TRUE">0</attscale></attr><attr><attrlabl Sync="TRUE">id</attrlabl><attalias Sync="TRUE">id</attalias><attrtype Sync="TRUE">Integer</attrtype><attwidth Sync="TRUE">10</attwidth><atprecis Sync="TRUE">10</atprecis><attscale Sync="TRUE">0</attscale></attr></detailed></eainfo><mdDateSt Sync="TRUE">20211016</mdDateSt></metadata>
