<metadata xml:lang="en"><Esri><CreaDate>20210418</CreaDate><CreaTime>22553700</CreaTime><ArcGISFormat>1.0</ArcGISFormat><SyncOnce>FALSE</SyncOnce><DataProperties><itemProps><itemName Sync="TRUE">settlement</itemName><imsContentType Sync="TRUE">002</imsContentType><itemLocation><linkage Sync="TRUE">file://\\DESKTOP-NF2C94P\C$\Users\Dell\Desktop\sample_data\settlement.shp</linkage><protocol Sync="TRUE">Local Area Network</protocol></itemLocation><itemSize Sync="TRUE">0.000</itemSize></itemProps><coordRef><type Sync="TRUE">Projected</type><geogcsn Sync="TRUE">GCS_WGS_1984</geogcsn><csUnits Sync="TRUE">Linear Unit: Meter (1.000000)</csUnits><projcsn Sync="TRUE">WGS_1984_UTM_Zone_47N</projcsn><peXml Sync="TRUE">&lt;ProjectedCoordinateSystem xsi:type='typens:ProjectedCoordinateSystem' xmlns:xsi='http://www.w3.org/2001/XMLSchema-instance' xmlns:xs='http://www.w3.org/2001/XMLSchema' xmlns:typens='http://www.esri.com/schemas/ArcGIS/10.7'&gt;&lt;WKT&gt;PROJCS[&amp;quot;WGS_1984_UTM_Zone_47N&amp;quot;,GEOGCS[&amp;quot;GCS_WGS_1984&amp;quot;,DATUM[&amp;quot;D_WGS_1984&amp;quot;,SPHEROID[&amp;quot;WGS_1984&amp;quot;,6378137.0,298.257223563]],PRIMEM[&amp;quot;Greenwich&amp;quot;,0.0],UNIT[&amp;quot;Degree&amp;quot;,0.0174532925199433]],PROJECTION[&amp;quot;Transverse_Mercator&amp;quot;],PARAMETER[&amp;quot;False_Easting&amp;quot;,500000.0],PARAMETER[&amp;quot;False_Northing&amp;quot;,0.0],PARAMETER[&amp;quot;Central_Meridian&amp;quot;,99.0],PARAMETER[&amp;quot;Scale_Factor&amp;quot;,0.9996],PARAMETER[&amp;quot;Latitude_Of_Origin&amp;quot;,0.0],UNIT[&amp;quot;Meter&amp;quot;,1.0],AUTHORITY[&amp;quot;EPSG&amp;quot;,32647]]&lt;/WKT&gt;&lt;XOrigin&gt;-5120900&lt;/XOrigin&gt;&lt;YOrigin&gt;-9998100&lt;/YOrigin&gt;&lt;XYScale&gt;450445547.3910538&lt;/XYScale&gt;&lt;ZOrigin&gt;-100000&lt;/ZOrigin&gt;&lt;ZScale&gt;10000&lt;/ZScale&gt;&lt;MOrigin&gt;-100000&lt;/MOrigin&gt;&lt;MScale&gt;10000&lt;/MScale&gt;&lt;XYTolerance&gt;0.001&lt;/XYTolerance&gt;&lt;ZTolerance&gt;0.001&lt;/ZTolerance&gt;&lt;MTolerance&gt;0.001&lt;/MTolerance&gt;&lt;HighPrecision&gt;true&lt;/HighPrecision&gt;&lt;WKID&gt;32647&lt;/WKID&gt;&lt;LatestWKID&gt;32647&lt;/LatestWKID&gt;&lt;/ProjectedCoordinateSystem&gt;</peXml></coordRef><lineage><Process ToolSource="c:\program files (x86)\arcgis\desktop10.7\ArcToolbox\Toolboxes\Data Management Tools.tbx\Merge" Date="20210418" Time="225539">Merge mmr_sag_pplp2_250k_mimu;mmr_pplp1_mimu_250k "E:\Master Course\Third_Semester_2021\GIS Analytics\Project\GIS_analytic.gdb\Settlement" "SR_Pcode "SR_Pcode" true true false 254 Text 0 0 ,First,#,mmr_sag_pplp2_250k_mimu,SR_Pcode,-1,-1;St_Rgn "St_Rgn" true true false 254 Text 0 0 ,First,#,mmr_sag_pplp2_250k_mimu,St_Rgn,-1,-1;D_Pcode "D_Pcode" true true false 254 Text 0 0 ,First,#,mmr_sag_pplp2_250k_mimu,D_Pcode,-1,-1,mmr_pplp1_mimu_250k,D_Pcode,-1,-1;District "District" true true false 254 Text 0 0 ,First,#,mmr_sag_pplp2_250k_mimu,District,-1,-1,mmr_pplp1_mimu_250k,District,-1,-1;TS_Pcode "TS_Pcode" true true false 254 Text 0 0 ,First,#,mmr_sag_pplp2_250k_mimu,TS_Pcode,-1,-1,mmr_pplp1_mimu_250k,TS_Pcode,-1,-1;Township "Township" true true false 254 Text 0 0 ,First,#,mmr_sag_pplp2_250k_mimu,Township,-1,-1,mmr_pplp1_mimu_250k,Township,-1,-1;VT_Pcode "VT_Pcode" true true false 254 Text 0 0 ,First,#,mmr_sag_pplp2_250k_mimu,VT_Pcode,-1,-1;VT "VT" true true false 254 Text 0 0 ,First,#,mmr_sag_pplp2_250k_mimu,VT,-1,-1;Vill_Pcode "Vill_Pcode" true true false 33 Double 31 32 ,First,#,mmr_sag_pplp2_250k_mimu,Vill_Pcode,-1,-1;Village "Village" true true false 254 Text 0 0 ,First,#,mmr_sag_pplp2_250k_mimu,Village,-1,-1;Vill_MMR4 "Vill_MMR4" true true false 254 Text 0 0 ,First,#,mmr_sag_pplp2_250k_mimu,Vill_MMR4,-1,-1;AltVlg_Eng "AltVlg_Eng" true true false 254 Text 0 0 ,First,#,mmr_sag_pplp2_250k_mimu,AltVlg_Eng,-1,-1;AltVlg_Mya "AltVlg_Mya" true true false 254 Text 0 0 ,First,#,mmr_sag_pplp2_250k_mimu,AltVlg_Mya,-1,-1;Longitude "Longitude" true true false 33 Double 31 32 ,First,#,mmr_sag_pplp2_250k_mimu,Longitude,-1,-1,mmr_pplp1_mimu_250k,Longitude,-1,-1;Latitude "Latitude" true true false 33 Double 31 32 ,First,#,mmr_sag_pplp2_250k_mimu,Latitude,-1,-1,mmr_pplp1_mimu_250k,Latitude,-1,-1;Source "Source" true true false 254 Text 0 0 ,First,#,mmr_sag_pplp2_250k_mimu,Source,-1,-1,mmr_pplp1_mimu_250k,Source,-1,-1;SD_Pcode "SD_Pcode" true true false 254 Text 0 0 ,First,#,mmr_pplp1_mimu_250k,SD_Pcode,-1,-1;State_Divi "State_Divi" true true false 254 Text 0 0 ,First,#,mmr_pplp1_mimu_250k,State_Divi,-1,-1;Town_Pcode "Town_Pcode" true true false 254 Text 0 0 ,First,#,mmr_pplp1_mimu_250k,Town_Pcode,-1,-1;Town "Town" true true false 254 Text 0 0 ,First,#,mmr_pplp1_mimu_250k,Town,-1,-1;Town_MMR4 "Town_MMR4" true true false 254 Text 0 0 ,First,#,mmr_pplp1_mimu_250k,Town_MMR4,-1,-1;Level "Level" true true false 254 Text 0 0 ,First,#,mmr_pplp1_mimu_250k,Level,-1,-1;Remark "Remark" true true false 254 Text 0 0 ,First,#,mmr_pplp1_mimu_250k,Remark,-1,-1"</Process><Process ToolSource="c:\program files (x86)\arcgis\desktop10.7\ArcToolbox\Toolboxes\Analysis Tools.tbx\Clip" Date="20210418" Time="225714">Clip Settlement polygon "E:\Master Course\Third_Semester_2021\GIS Analytics\Project\GIS_analytic.gdb\Settlement_Clip" #</Process><Process ToolSource="c:\program files (x86)\arcgis\desktop10.7\ArcToolbox\Toolboxes\Conversion Tools.tbx\FeatureClassToFeatureClass" Date="20210425" Time="163820">FeatureClassToFeatureClass "E:\Master Course\Third_Semester_2021\GIS Analytics\Project\GIS_analytic.gdb\Settlement_Clip" "E:\Master Course\Third_Semester_2021\Advanced GIS\Project\Data\prj" settlement.shp # "SR_Pcode "SR_Pcode" true true false 254 Text 0 0 ,First,#,E:\Master Course\Third_Semester_2021\GIS Analytics\Project\GIS_analytic.gdb\Settlement_Clip,SR_Pcode,-1,-1;St_Rgn "St_Rgn" true true false 254 Text 0 0 ,First,#,E:\Master Course\Third_Semester_2021\GIS Analytics\Project\GIS_analytic.gdb\Settlement_Clip,St_Rgn,-1,-1;D_Pcode "D_Pcode" true true false 254 Text 0 0 ,First,#,E:\Master Course\Third_Semester_2021\GIS Analytics\Project\GIS_analytic.gdb\Settlement_Clip,D_Pcode,-1,-1;District "District" true true false 254 Text 0 0 ,First,#,E:\Master Course\Third_Semester_2021\GIS Analytics\Project\GIS_analytic.gdb\Settlement_Clip,District,-1,-1;TS_Pcode "TS_Pcode" true true false 254 Text 0 0 ,First,#,E:\Master Course\Third_Semester_2021\GIS Analytics\Project\GIS_analytic.gdb\Settlement_Clip,TS_Pcode,-1,-1;Township "Township" true true false 254 Text 0 0 ,First,#,E:\Master Course\Third_Semester_2021\GIS Analytics\Project\GIS_analytic.gdb\Settlement_Clip,Township,-1,-1;VT_Pcode "VT_Pcode" true true false 254 Text 0 0 ,First,#,E:\Master Course\Third_Semester_2021\GIS Analytics\Project\GIS_analytic.gdb\Settlement_Clip,VT_Pcode,-1,-1;VT "VT" true true false 254 Text 0 0 ,First,#,E:\Master Course\Third_Semester_2021\GIS Analytics\Project\GIS_analytic.gdb\Settlement_Clip,VT,-1,-1;Vill_Pcode "Vill_Pcode" true true false 8 Double 0 0 ,First,#,E:\Master Course\Third_Semester_2021\GIS Analytics\Project\GIS_analytic.gdb\Settlement_Clip,Vill_Pcode,-1,-1;Village "Village" true true false 254 Text 0 0 ,First,#,E:\Master Course\Third_Semester_2021\GIS Analytics\Project\GIS_analytic.gdb\Settlement_Clip,Village,-1,-1;Vill_MMR4 "Vill_MMR4" true true false 254 Text 0 0 ,First,#,E:\Master Course\Third_Semester_2021\GIS Analytics\Project\GIS_analytic.gdb\Settlement_Clip,Vill_MMR4,-1,-1;AltVlg_Eng "AltVlg_Eng" true true false 254 Text 0 0 ,First,#,E:\Master Course\Third_Semester_2021\GIS Analytics\Project\GIS_analytic.gdb\Settlement_Clip,AltVlg_Eng,-1,-1;AltVlg_Mya "AltVlg_Mya" true true false 254 Text 0 0 ,First,#,E:\Master Course\Third_Semester_2021\GIS Analytics\Project\GIS_analytic.gdb\Settlement_Clip,AltVlg_Mya,-1,-1;Longitude "Longitude" true true false 8 Double 0 0 ,First,#,E:\Master Course\Third_Semester_2021\GIS Analytics\Project\GIS_analytic.gdb\Settlement_Clip,Longitude,-1,-1;Latitude "Latitude" true true false 8 Double 0 0 ,First,#,E:\Master Course\Third_Semester_2021\GIS Analytics\Project\GIS_analytic.gdb\Settlement_Clip,Latitude,-1,-1;Source "Source" true true false 254 Text 0 0 ,First,#,E:\Master Course\Third_Semester_2021\GIS Analytics\Project\GIS_analytic.gdb\Settlement_Clip,Source,-1,-1;SD_Pcode "SD_Pcode" true true false 254 Text 0 0 ,First,#,E:\Master Course\Third_Semester_2021\GIS Analytics\Project\GIS_analytic.gdb\Settlement_Clip,SD_Pcode,-1,-1;State_Divi "State_Divi" true true false 254 Text 0 0 ,First,#,E:\Master Course\Third_Semester_2021\GIS Analytics\Project\GIS_analytic.gdb\Settlement_Clip,State_Divi,-1,-1;Town_Pcode "Town_Pcode" true true false 254 Text 0 0 ,First,#,E:\Master Course\Third_Semester_2021\GIS Analytics\Project\GIS_analytic.gdb\Settlement_Clip,Town_Pcode,-1,-1;Town "Town" true true false 254 Text 0 0 ,First,#,E:\Master Course\Third_Semester_2021\GIS Analytics\Project\GIS_analytic.gdb\Settlement_Clip,Town,-1,-1;Town_MMR4 "Town_MMR4" true true false 254 Text 0 0 ,First,#,E:\Master Course\Third_Semester_2021\GIS Analytics\Project\GIS_analytic.gdb\Settlement_Clip,Town_MMR4,-1,-1;Level "Level" true true false 254 Text 0 0 ,First,#,E:\Master Course\Third_Semester_2021\GIS Analytics\Project\GIS_analytic.gdb\Settlement_Clip,Level,-1,-1;Remark "Remark" true true false 254 Text 0 0 ,First,#,E:\Master Course\Third_Semester_2021\GIS Analytics\Project\GIS_analytic.gdb\Settlement_Clip,Remark,-1,-1" #</Process><Process ToolSource="c:\program files (x86)\arcgis\desktop10.7\ArcToolbox\Toolboxes\Analysis Tools.tbx\Clip" Date="20211016" Time="193702">Clip settlement poly C:\Users\Dell\Desktop\sample_data\settlement.shp #</Process></lineage></DataProperties><SyncDate>20211016</SyncDate><SyncTime>19370000</SyncTime><ModDate>20211016</ModDate><ModTime>19370000</ModTime></Esri><dataIdInfo><envirDesc Sync="TRUE"> Version 6.2 (Build 9200) ; Esri ArcGIS 10.7.1.11595</envirDesc><dataLang><languageCode value="eng" Sync="TRUE"></languageCode><countryCode value="GBR" Sync="TRUE"></countryCode></dataLang><idCitation><resTitle Sync="TRUE">settlement</resTitle><presForm><PresFormCd value="005" Sync="TRUE"></PresFormCd></presForm></idCitation><spatRpType><SpatRepTypCd value="001" Sync="TRUE"></SpatRepTypCd></spatRpType></dataIdInfo><mdLang><languageCode value="eng" Sync="TRUE"></languageCode><countryCode value="GBR" Sync="TRUE"></countryCode></mdLang><distInfo><distFormat><formatName Sync="TRUE">Shapefile</formatName></distFormat><distTranOps><transSize Sync="TRUE">0.000</transSize></distTranOps></distInfo><mdHrLv><ScopeCd value="005" Sync="TRUE"></ScopeCd></mdHrLv><mdHrLvName Sync="TRUE">dataset</mdHrLvName><refSysInfo><RefSystem><refSysID><identCode code="32647" Sync="TRUE"></identCode><idCodeSpace Sync="TRUE">EPSG</idCodeSpace><idVersion Sync="TRUE">6.11.1(3.0.1)</idVersion></refSysID></RefSystem></refSysInfo><spatRepInfo><VectSpatRep><geometObjs Name="settlement"><geoObjTyp><GeoObjTypCd value="004" Sync="TRUE"></GeoObjTypCd></geoObjTyp><geoObjCnt Sync="TRUE">0</geoObjCnt></geometObjs><topLvl><TopoLevCd value="001" Sync="TRUE"></TopoLevCd></topLvl></VectSpatRep></spatRepInfo><spdoinfo><ptvctinf><esriterm Name="settlement"><efeatyp Sync="TRUE">Simple</efeatyp><efeageom code="1" Sync="TRUE"></efeageom><esritopo Sync="TRUE">FALSE</esritopo><efeacnt Sync="TRUE">0</efeacnt><spindex Sync="TRUE">FALSE</spindex><linrefer Sync="TRUE">FALSE</linrefer></esriterm></ptvctinf></spdoinfo><eainfo><detailed Name="settlement"><enttyp><enttypl Sync="TRUE">settlement</enttypl><enttypt Sync="TRUE">Feature Class</enttypt><enttypc Sync="TRUE">0</enttypc></enttyp><attr><attrlabl Sync="TRUE">FID</attrlabl><attalias Sync="TRUE">FID</attalias><attrtype Sync="TRUE">OID</attrtype><attwidth Sync="TRUE">4</attwidth><atprecis Sync="TRUE">0</atprecis><attscale Sync="TRUE">0</attscale><attrdef Sync="TRUE">Internal feature number.</attrdef><attrdefs Sync="TRUE">Esri</attrdefs><attrdomv><udom Sync="TRUE">Sequential unique whole numbers that are automatically generated.</udom></attrdomv></attr><attr><attrlabl Sync="TRUE">Shape</attrlabl><attalias Sync="TRUE">Shape</attalias><attrtype Sync="TRUE">Geometry</attrtype><attwidth Sync="TRUE">0</attwidth><atprecis Sync="TRUE">0</atprecis><attscale Sync="TRUE">0</attscale><attrdef Sync="TRUE">Feature geometry.</attrdef><attrdefs Sync="TRUE">Esri</attrdefs><attrdomv><udom Sync="TRUE">Coordinates defining the features.</udom></attrdomv></attr><attr><attrlabl Sync="TRUE">SR_Pcode</attrlabl><attalias Sync="TRUE">SR_Pcode</attalias><attrtype Sync="TRUE">String</attrtype><attwidth Sync="TRUE">254</attwidth><atprecis Sync="TRUE">0</atprecis><attscale Sync="TRUE">0</attscale></attr><attr><attrlabl Sync="TRUE">St_Rgn</attrlabl><attalias Sync="TRUE">St_Rgn</attalias><attrtype Sync="TRUE">String</attrtype><attwidth Sync="TRUE">254</attwidth><atprecis Sync="TRUE">0</atprecis><attscale Sync="TRUE">0</attscale></attr><attr><attrlabl Sync="TRUE">D_Pcode</attrlabl><attalias Sync="TRUE">D_Pcode</attalias><attrtype Sync="TRUE">String</attrtype><attwidth Sync="TRUE">254</attwidth><atprecis Sync="TRUE">0</atprecis><attscale Sync="TRUE">0</attscale></attr><attr><attrlabl Sync="TRUE">District</attrlabl><attalias Sync="TRUE">District</attalias><attrtype Sync="TRUE">String</attrtype><attwidth Sync="TRUE">254</attwidth><atprecis Sync="TRUE">0</atprecis><attscale Sync="TRUE">0</attscale></attr><attr><attrlabl Sync="TRUE">TS_Pcode</attrlabl><attalias Sync="TRUE">TS_Pcode</attalias><attrtype Sync="TRUE">String</attrtype><attwidth Sync="TRUE">254</attwidth><atprecis Sync="TRUE">0</atprecis><attscale Sync="TRUE">0</attscale></attr><attr><attrlabl Sync="TRUE">Township</attrlabl><attalias Sync="TRUE">Township</attalias><attrtype Sync="TRUE">String</attrtype><attwidth Sync="TRUE">254</attwidth><atprecis Sync="TRUE">0</atprecis><attscale Sync="TRUE">0</attscale></attr><attr><attrlabl Sync="TRUE">VT_Pcode</attrlabl><attalias Sync="TRUE">VT_Pcode</attalias><attrtype Sync="TRUE">String</attrtype><attwidth Sync="TRUE">254</attwidth><atprecis Sync="TRUE">0</atprecis><attscale Sync="TRUE">0</attscale></attr><attr><attrlabl Sync="TRUE">VT</attrlabl><attalias Sync="TRUE">VT</attalias><attrtype Sync="TRUE">String</attrtype><attwidth Sync="TRUE">254</attwidth><atprecis Sync="TRUE">0</atprecis><attscale Sync="TRUE">0</attscale></attr><attr><attrlabl Sync="TRUE">Vill_Pcode</attrlabl><attalias Sync="TRUE">Vill_Pcode</attalias><attrtype Sync="TRUE">Double</attrtype><attwidth Sync="TRUE">19</attwidth><atprecis Sync="TRUE">0</atprecis><attscale Sync="TRUE">0</attscale></attr><attr><attrlabl Sync="TRUE">Village</attrlabl><attalias Sync="TRUE">Village</attalias><attrtype Sync="TRUE">String</attrtype><attwidth Sync="TRUE">254</attwidth><atprecis Sync="TRUE">0</atprecis><attscale Sync="TRUE">0</attscale></attr><attr><attrlabl Sync="TRUE">Vill_MMR4</attrlabl><attalias Sync="TRUE">Vill_MMR4</attalias><attrtype Sync="TRUE">String</attrtype><attwidth Sync="TRUE">254</attwidth><atprecis Sync="TRUE">0</atprecis><attscale Sync="TRUE">0</attscale></attr><attr><attrlabl Sync="TRUE">AltVlg_Eng</attrlabl><attalias Sync="TRUE">AltVlg_Eng</attalias><attrtype Sync="TRUE">String</attrtype><attwidth Sync="TRUE">254</attwidth><atprecis Sync="TRUE">0</atprecis><attscale Sync="TRUE">0</attscale></attr><attr><attrlabl Sync="TRUE">AltVlg_Mya</attrlabl><attalias Sync="TRUE">AltVlg_Mya</attalias><attrtype Sync="TRUE">String</attrtype><attwidth Sync="TRUE">254</attwidth><atprecis Sync="TRUE">0</atprecis><attscale Sync="TRUE">0</attscale></attr><attr><attrlabl Sync="TRUE">Longitude</attrlabl><attalias Sync="TRUE">Longitude</attalias><attrtype Sync="TRUE">Double</attrtype><attwidth Sync="TRUE">19</attwidth><atprecis Sync="TRUE">0</atprecis><attscale Sync="TRUE">0</attscale></attr><attr><attrlabl Sync="TRUE">Latitude</attrlabl><attalias Sync="TRUE">Latitude</attalias><attrtype Sync="TRUE">Double</attrtype><attwidth Sync="TRUE">19</attwidth><atprecis Sync="TRUE">0</atprecis><attscale Sync="TRUE">0</attscale></attr><attr><attrlabl Sync="TRUE">Source</attrlabl><attalias Sync="TRUE">Source</attalias><attrtype Sync="TRUE">String</attrtype><attwidth Sync="TRUE">254</attwidth><atprecis Sync="TRUE">0</atprecis><attscale Sync="TRUE">0</attscale></attr><attr><attrlabl Sync="TRUE">SD_Pcode</attrlabl><attalias Sync="TRUE">SD_Pcode</attalias><attrtype Sync="TRUE">String</attrtype><attwidth Sync="TRUE">254</attwidth><atprecis Sync="TRUE">0</atprecis><attscale Sync="TRUE">0</attscale></attr><attr><attrlabl Sync="TRUE">State_Divi</attrlabl><attalias Sync="TRUE">State_Divi</attalias><attrtype Sync="TRUE">String</attrtype><attwidth Sync="TRUE">254</attwidth><atprecis Sync="TRUE">0</atprecis><attscale Sync="TRUE">0</attscale></attr><attr><attrlabl Sync="TRUE">Town_Pcode</attrlabl><attalias Sync="TRUE">Town_Pcode</attalias><attrtype Sync="TRUE">String</attrtype><attwidth Sync="TRUE">254</attwidth><atprecis Sync="TRUE">0</atprecis><attscale Sync="TRUE">0</attscale></attr><attr><attrlabl Sync="TRUE">Town</attrlabl><attalias Sync="TRUE">Town</attalias><attrtype Sync="TRUE">String</attrtype><attwidth Sync="TRUE">254</attwidth><atprecis Sync="TRUE">0</atprecis><attscale Sync="TRUE">0</attscale></attr><attr><attrlabl Sync="TRUE">Town_MMR4</attrlabl><attalias Sync="TRUE">Town_MMR4</attalias><attrtype Sync="TRUE">String</attrtype><attwidth Sync="TRUE">254</attwidth><atprecis Sync="TRUE">0</atprecis><attscale Sync="TRUE">0</attscale></attr><attr><attrlabl Sync="TRUE">Level</attrlabl><attalias Sync="TRUE">Level</attalias><attrtype Sync="TRUE">String</attrtype><attwidth Sync="TRUE">254</attwidth><atprecis Sync="TRUE">0</atprecis><attscale Sync="TRUE">0</attscale></attr><attr><attrlabl Sync="TRUE">Remark</attrlabl><attalias Sync="TRUE">Remark</attalias><attrtype Sync="TRUE">String</attrtype><attwidth Sync="TRUE">254</attwidth><atprecis Sync="TRUE">0</atprecis><attscale Sync="TRUE">0</attscale></attr><attr><attrlabl Sync="TRUE">id</attrlabl><attalias Sync="TRUE">id</attalias><attrtype Sync="TRUE">Integer</attrtype><attwidth Sync="TRUE">10</attwidth><atprecis Sync="TRUE">10</atprecis><attscale Sync="TRUE">0</attscale></attr></detailed></eainfo><mdDateSt Sync="TRUE">20211016</mdDateSt></metadata>
